Value,Year announced,Month announced,Implementer,Implementer ISO
5615,2021,3,China,CHN
5615,2013,5,France,FRA
5615,2014,11,Germany,DEU
5615,2023,1,Japan,JPN
5313,2022,10,France,FRA
5313,2022,10,Germany,DEU
5297,2022,2,Germany,DEU
5296,2022,2,France,FRA
5292,2022,3,Germany,DEU
5291,2022,3,France,FRA
5012,2019,5,Argentina,ARG
4903,2022,3,United States of America,USA
4851,2025,3,United States of America,USA
4849,2025,1,United States of America,USA
4815,2025,2,United States of America,USA
4809,2025,4,United States of America,USA
4779,2014,9,France,FRA
4779,2014,9,Germany,DEU
4670,2017,8,United States of America,USA
4570,2022,3,Japan,JPN
4493,2011,5,Germany,DEU
4493,2011,5,France,FRA
4440,2012,12,Germany,DEU
4439,2012,12,France,FRA
4351,2010,1,Germany,DEU
4336,2010,1,France,FRA
4297,2022,2,Canada,CAN
4295,2022,9,Canada,CAN
4280,2013,12,Germany,DEU
4266,2013,12,France,FRA
4192,2014,10,Germany,DEU
4189,2014,10,France,FRA
4100,2022,3,Canada,CAN
4059,2025,4,China,CHN
3936,2014,1,France,FRA
3936,2014,1,Germany,DEU
3896,2017,1,Germany,DEU
3895,2017,1,France,FRA
3882,2020,1,Germany,DEU
3879,2020,1,France,FRA
3852,2016,1,Germany,DEU
3804,2017,1,China,CHN
3702,2013,1,France,FRA
3515,2022,2,Switzerland,CHE
3515,2022,10,Switzerland,CHE
3398,2013,1,Germany,DEU
3357,2016,1,France,FRA
3339,2019,1,Germany,DEU
3338,2019,1,France,FRA
3216,2018,9,China,CHN
3210,2022,9,Japan,JPN
3088,2023,2,India,IND
2925,2019,5,China,CHN
2914,2021,2,Germany,DEU
2910,2021,2,France,FRA
2856,2022,6,France,FRA
2852,2022,6,Germany,DEU
2844,2013,1,Switzerland,CHE
2829,2020,1,China,CHN
2821,2013,4,India,IND
2787,2011,1,Switzerland,CHE
2784,2021,1,China,CHN
2783,2011,1,China,CHN
2775,2022,1,China,CHN
2763,2012,12,India,IND
2729,2018,1,United States of America,USA
2720,2010,1,Switzerland,CHE
2715,2018,2,India,IND
2692,2023,1,China,CHN
2686,2019,1,Switzerland,CHE
2680,2019,1,China,CHN
2669,2010,1,India,IND
2646,2024,3,India,IND
2623,2024,2,India,IND
2615,2020,1,Switzerland,CHE
2604,2017,1,Switzerland,CHE
2591,2018,3,United States of America,USA
2533,2018,1,Switzerland,CHE
2532,2019,8,China,CHN
2520,2015,7,Russia,RUS
2468,2025,1,Japan,JPN
2468,2023,12,Argentina,ARG
2379,2012,7,India,IND
2370,2015,4,India,IND
2335,2013,1,United States of America,USA
2311,2010,1,United States of America,USA
2274,2024,6,France,FRA
2269,2012,6,India,IND
2266,2020,3,India,IND
2257,2024,6,Germany,DEU
2255,2018,1,China,CHN
2217,2012,3,United States of America,USA
2176,2019,12,Argentina,ARG
2154,2017,10,India,IND
2152,2025,2,India,IND
2152,2016,1,China,CHN
2138,2023,3,Argentina,ARG
2106,2018,4,Russia,RUS
2090,2015,1,China,CHN
2079,2015,7,India,IND
2073,2023,12,Russia,RUS
2050,2021,9,India,IND
2023,2022,12,France,FRA
1970,2018,1,Japan,JPN
1964,2011,1,Japan,JPN
1917,2014,1,China,CHN
1904,2022,6,United States of America,USA
1881,2012,1,China,CHN
1874,2009,8,Brazil,BRA
1822,2020,1,United States of America,USA
1795,2019,5,Germany,DEU
1788,2019,5,France,FRA
1787,2019,3,United States of America,USA
1780,2023,5,United States of America,USA
1750,2013,1,China,CHN
1749,2023,12,United States of America,USA
1704,2013,12,Brazil,BRA
1686,2023,2,France,FRA
1654,2018,11,Germany,DEU
1652,2022,12,Germany,DEU
1643,2018,11,France,FRA
1638,2009,1,China,CHN
1615,2016,5,India,IND
1600,2022,12,United States of America,USA
1592,2015,11,Germany,DEU
1545,2014,7,Brazil,BRA
1541,2016,1,Japan,JPN
1538,2011,8,Brazil,BRA
1536,2012,2,Argentina,ARG
1524,2025,3,Germany,DEU
1524,2017,1,Japan,JPN
1507,2008,11,China,CHN
1478,2015,2,Brazil,BRA
1475,2009,6,China,CHN
1401,2024,2,Germany,DEU
1391,2023,9,United States of America,USA
1386,2019,1,India,IND
1364,2015,11,France,FRA
1353,2022,9,United States of America,USA
1341,2015,11,India,IND
1340,2016,3,Germany,DEU
1327,2016,3,France,FRA
1326,2009,1,Brazil,BRA
1324,2010,9,India,IND
1323,2015,10,India,IND
1315,2024,12,France,FRA
1307,2018,11,India,IND
1299,2021,11,United States of America,USA
1289,2023,12,France,FRA
1261,2022,3,Switzerland,CHE
1261,2010,1,China,CHN
1249,2023,6,Germany,DEU
1246,2023,12,Germany,DEU
1245,2023,6,France,FRA
1241,2023,2,United States of America,USA
1223,2017,5,Russia,RUS
1208,2022,4,United States of America,USA
1164,2013,8,India,IND
1146,2020,4,United States of America,USA
1135,2023,9,Russia,RUS
1113,2015,6,Russia,RUS
1112,2013,7,Germany,DEU
1085,2023,6,United States of America,USA
1078,2025,3,France,FRA
1065,2023,11,United States of America,USA
1064,2024,5,United States of America,USA
1063,2024,4,United States of America,USA
1059,2016,9,India,IND
1049,2022,11,Switzerland,CHE
1012,2024,12,United States of America,USA
996,2024,10,United States of America,USA
996,2021,4,United States of America,USA
995,2023,4,United States of America,USA
992,2009,6,Russia,RUS
981,2013,6,India,IND
979,2024,7,United States of America,USA
979,2023,2,Germany,DEU
977,2022,4,Germany,DEU
977,2019,2,Russia,RUS
973,2020,4,Russia,RUS
962,2016,6,France,FRA
961,2023,10,United States of America,USA
961,2022,4,France,FRA
960,2023,3,United States of America,USA
954,2020,12,United States of America,USA
953,2022,2,United States of America,USA
951,2024,9,Russia,RUS
950,2024,9,United States of America,USA
947,2010,4,Brazil,BRA
944,2024,12,Germany,DEU
943,2024,6,United States of America,USA
943,2012,10,United States of America,USA
942,2024,2,France,FRA
939,2024,2,United States of America,USA
938,2024,2,Russia,RUS
938,2022,3,Russia,RUS
938,2021,12,Germany,DEU
936,2025,2,Russia,RUS
928,2020,12,Germany,DEU
925,2024,10,Russia,RUS
909,2015,12,Argentina,ARG
906,2020,12,France,FRA
893,2011,11,Brazil,BRA
890,2021,12,United States of America,USA
879,2020,12,Russia,RUS
875,2018,12,United States of America,USA
872,2022,6,Canada,CAN
871,2020,9,United States of America,USA
855,2014,12,Germany,DEU
842,2021,12,France,FRA
827,2024,12,China,CHN
826,2009,5,China,CHN
815,2022,2,India,IND
813,2020,10,Russia,RUS
810,2015,6,France,FRA
805,2021,6,United States of America,USA
779,2018,9,Argentina,ARG
766,2020,10,China,CHN
759,2017,4,Russia,RUS
752,2022,4,Canada,CAN
732,2025,2,Germany,DEU
731,2025,2,France,FRA
727,2014,2,United States of America,USA
720,2021,7,Germany,DEU
716,2022,12,India,IND
712,2010,9,United States of America,USA
705,2022,5,Canada,CAN
705,2024,7,Germany,DEU
699,2025,2,Canada,CAN
692,2009,2,China,CHN
682,2018,10,China,CHN
681,2019,2,France,FRA
675,2014,9,Russia,RUS
674,2022,1,India,IND
674,2012,6,United States of America,USA
671,2013,4,Brazil,BRA
666,2023,8,Germany,DEU
665,2022,7,Germany,DEU
659,2022,1,France,FRA
658,2019,2,Germany,DEU
657,2014,7,Germany,DEU
657,2011,10,India,IND
654,2014,11,India,IND
651,2022,10,Argentina,ARG
641,2020,9,India,IND
639,2021,12,Russia,RUS
638,2024,5,China,CHN
637,2016,4,United States of America,USA
635,2020,2,India,IND
632,2015,2,France,FRA
632,2024,5,Germany,DEU
631,2011,6,United States of America,USA
627,2015,10,France,FRA
625,2022,11,Germany,DEU
622,2024,7,China,CHN
622,2009,9,Russia,RUS
614,2008,12,India,IND
611,2025,3,China,CHN
611,2023,8,Switzerland,CHE
610,2023,3,Switzerland,CHE
608,2009,9,United States of America,USA
601,2022,8,Germany,DEU
600,2010,1,Argentina,ARG
598,2016,6,United States of America,USA
596,2024,1,Switzerland,CHE
595,2014,10,United States of America,USA
592,2023,3,Canada,CAN
582,2009,12,Germany,DEU
582,2014,12,China,CHN
568,2022,8,France,FRA
564,2012,10,Brazil,BRA
563,2021,6,Russia,RUS
556,2020,8,Russia,RUS
556,2022,5,United States of America,USA
551,2010,8,India,IND
546,2009,4,United States of America,USA
541,2010,2,Argentina,ARG
536,2024,3,Switzerland,CHE
532,2009,7,Brazil,BRA
531,2017,12,India,IND
529,2019,10,United States of America,USA
522,2012,3,India,IND
520,2011,2,India,IND
515,2023,11,Brazil,BRA
511,2009,4,India,IND
509,2012,7,United States of America,USA
509,2014,1,United States of America,USA
505,2022,4,Switzerland,CHE
498,2019,2,India,IND
497,2023,1,Switzerland,CHE
496,2010,3,United States of America,USA
493,2025,3,Canada,CAN
491,2009,3,Russia,RUS
489,2014,12,United States of America,USA
489,2023,3,India,IND
481,2013,8,Brazil,BRA
480,2010,4,Russia,RUS
476,2018,10,Russia,RUS
476,2013,3,China,CHN
476,2020,1,Russia,RUS
471,2023,7,Japan,JPN
471,2024,9,China,CHN
469,2018,3,Russia,RUS
465,2011,12,Brazil,BRA
463,2013,1,India,IND
461,2023,4,China,CHN
456,2016,6,India,IND
449,2008,12,China,CHN
448,2012,9,United States of America,USA
447,2010,4,United States of America,USA
447,2024,4,China,CHN
447,2011,9,United States of America,USA
445,2016,1,United States of America,USA
444,2008,12,Russia,RUS
444,2023,3,China,CHN
442,2012,12,Argentina,ARG
441,2023,8,United States of America,USA
438,2009,1,India,IND
428,2012,12,United States of America,USA
428,2016,2,India,IND
428,2011,7,India,IND
426,2017,1,Russia,RUS
423,2024,9,Brazil,BRA
423,2012,4,United States of America,USA
421,2014,6,United States of America,USA
421,2015,1,Brazil,BRA
420,2009,12,France,FRA
416,2024,5,France,FRA
412,2012,8,United States of America,USA
409,2014,3,Russia,RUS
407,2009,12,United States of America,USA
402,2022,8,United States of America,USA
401,2021,4,Germany,DEU
401,2024,10,Germany,DEU
397,2013,7,Brazil,BRA
395,2011,4,United States of America,USA
395,2023,4,Canada,CAN
390,2014,12,Mexico,MEX
390,2024,6,China,CHN
389,2019,4,Mexico,MEX
389,2015,3,United States of America,USA
385,2012,12,Brazil,BRA
382,2023,2,Japan,JPN
382,2017,6,United States of America,USA
381,2024,7,India,IND
380,2024,4,Mexico,MEX
379,2023,12,Brazil,BRA
378,2012,3,China,CHN
378,2013,5,India,IND
373,2009,1,United States of America,USA
370,2017,3,United States of America,USA
369,2012,7,Argentina,ARG
361,2018,6,Canada,CAN
356,2021,3,United States of America,USA
355,2023,1,United States of America,USA
355,2024,11,United States of America,USA
355,2023,7,United States of America,USA
352,2013,5,United States of America,USA
351,2023,7,Germany,DEU
349,2010,8,United States of America,USA
346,2011,8,United States of America,USA
345,2011,10,United States of America,USA
343,2010,7,United States of America,USA
343,2016,8,Russia,RUS
342,2025,1,Brazil,BRA
341,2022,4,Japan,JPN
337,2025,2,Brazil,BRA
336,2019,7,Canada,CAN
333,2018,7,United States of America,USA
333,2024,3,China,CHN
331,2010,2,United States of America,USA
331,2010,3,India,IND
329,2021,1,United States of America,USA
329,2011,3,United States of America,USA
329,2012,6,Brazil,BRA
328,2010,12,China,CHN
325,2025,1,China,CHN
324,2016,12,United States of America,USA
324,2019,4,Russia,RUS
323,2020,3,United States of America,USA
323,2021,2,United States of America,USA
322,2013,2,United States of America,USA
322,2024,11,Germany,DEU
320,2008,12,United States of America,USA
320,2020,5,United States of America,USA
318,2018,5,United States of America,USA
318,2009,6,India,IND
313,2020,7,United States of America,USA
312,2018,2,United States of America,USA
311,2018,6,China,CHN
309,2016,11,United States of America,USA
308,2020,6,United States of America,USA
308,2024,11,France,FRA
308,2010,10,United States of America,USA
307,2010,8,Brazil,BRA
306,2017,11,Mexico,MEX
306,2018,10,United States of America,USA
306,2010,6,United States of America,USA
304,2022,11,Canada,CAN
303,2024,8,Germany,DEU
301,2024,2,Brazil,BRA
300,2017,12,United States of America,USA
299,2022,10,United States of America,USA
299,2009,7,United States of America,USA
297,2012,5,India,IND
296,2024,10,Brazil,BRA
293,2024,3,Brazil,BRA
292,2011,12,United States of America,USA
291,2024,2,China,CHN
291,2009,2,United States of America,USA
290,2017,9,Russia,RUS
290,2024,1,Brazil,BRA
290,2014,7,India,IND
289,2024,1,United States of America,USA
289,2015,8,India,IND
288,2009,10,India,IND
285,2013,11,United States of America,USA
285,2018,5,Canada,CAN
284,2009,11,United States of America,USA
280,2015,2,United States of America,USA
279,2019,4,United States of America,USA
279,2023,8,Mexico,MEX
276,2020,7,Brazil,BRA
274,2021,9,United States of America,USA
273,2021,8,United States of America,USA
272,2018,3,Canada,CAN
272,2016,11,Argentina,ARG
272,2010,11,United States of America,USA
272,2014,1,Brazil,BRA
269,2023,2,Canada,CAN
269,2011,4,Japan,JPN
269,2016,9,United States of America,USA
269,2021,5,United States of America,USA
268,2021,12,Canada,CAN
268,2011,3,India,IND
268,2014,12,France,FRA
267,2015,10,Russia,RUS
267,2016,3,United States of America,USA
266,2013,9,India,IND
266,2015,10,United States of America,USA
265,2019,5,India,IND
264,2020,12,Argentina,ARG
264,2022,4,Argentina,ARG
264,2015,2,Mexico,MEX
263,2015,11,United States of America,USA
262,2018,8,India,IND
262,2024,7,Brazil,BRA
261,2016,7,United States of America,USA
261,2024,8,Brazil,BRA
260,2018,5,Brazil,BRA
260,2020,11,United States of America,USA
259,2016,1,Mexico,MEX
259,2014,2,India,IND
258,2024,3,United States of America,USA
257,2013,4,United States of America,USA
257,2017,9,United States of America,USA
256,2017,1,India,IND
254,2010,8,Mexico,MEX
252,2024,6,Brazil,BRA
251,2015,12,Japan,JPN
247,2015,8,Russia,RUS
245,2013,12,United States of America,USA
245,2019,7,United States of America,USA
244,2019,3,India,IND
242,2024,12,Brazil,BRA
242,2009,8,Germany,DEU
242,2017,1,United States of America,USA
242,2020,3,China,CHN
241,2014,12,Russia,RUS
241,2019,6,United States of America,USA
240,2012,8,Brazil,BRA
239,2014,8,Brazil,BRA
239,2019,8,Russia,RUS
238,2009,10,France,FRA
238,2009,10,United States of America,USA
238,2019,8,Canada,CAN
237,2022,11,India,IND
236,2019,1,United States of America,USA
236,2014,8,Russia,RUS
236,2013,3,Japan,JPN
235,2022,7,Canada,CAN
235,2024,1,France,FRA
234,2016,4,Canada,CAN
233,2021,10,United States of America,USA
233,2023,5,Canada,CAN
232,2015,3,Canada,CAN
232,2024,9,India,IND
231,2011,2,United States of America,USA
231,2017,6,Brazil,BRA
231,2013,7,United States of America,USA
231,2022,11,China,CHN
231,2020,12,India,IND
230,2015,12,Brazil,BRA
230,2009,3,Mexico,MEX
229,2012,11,United States of America,USA
228,2019,9,India,IND
228,2021,4,China,CHN
227,2018,4,United States of America,USA
227,2015,11,China,CHN
227,2020,1,India,IND
226,2016,11,China,CHN
224,2023,12,China,CHN
224,2022,3,China,CHN
223,2018,6,United States of America,USA
222,2016,3,India,IND
222,2020,4,Canada,CAN
222,2009,4,China,CHN
221,2015,1,Canada,CAN
221,2013,6,United States of America,USA
221,2013,10,United States of America,USA
220,2013,5,Brazil,BRA
220,2023,9,Germany,DEU
219,2016,4,France,FRA
219,2018,8,United States of America,USA
218,2015,12,United States of America,USA
217,2013,2,India,IND
216,2022,1,United States of America,USA
216,2016,1,India,IND
215,2016,9,China,CHN
215,2015,7,Canada,CAN
214,2016,8,India,IND
213,2012,1,United States of America,USA
212,2020,11,Canada,CAN
211,2012,1,India,IND
211,2019,12,United States of America,USA
211,2017,11,Canada,CAN
211,2013,9,United States of America,USA
211,2011,11,United States of America,USA
211,2016,4,Germany,DEU
209,2016,7,France,FRA
207,2018,11,United States of America,USA
206,2021,12,China,CHN
205,2015,4,Russia,RUS
204,2018,5,Germany,DEU
204,2011,7,United States of America,USA
204,2016,10,United States of America,USA
203,2018,12,India,IND
203,2018,7,India,IND
202,2022,12,Canada,CAN
201,2017,8,India,IND
200,2012,2,United States of America,USA
200,2021,2,India,IND
200,2015,9,United States of America,USA
199,2020,7,India,IND
197,2014,12,Brazil,BRA
196,2020,1,Argentina,ARG
196,2024,4,Brazil,BRA
196,2019,11,United States of America,USA
196,2022,10,Japan,JPN
195,2024,8,United States of America,USA
195,2011,1,United States of America,USA
194,2024,8,Canada,CAN
192,2021,12,Japan,JPN
192,2021,3,Canada,CAN
190,2015,4,United States of America,USA
190,2022,4,China,CHN
189,2009,2,India,IND
187,2018,1,India,IND
187,2013,7,India,IND
187,2023,6,China,CHN
186,2023,10,Canada,CAN
186,2022,5,India,IND
184,2009,3,India,IND
184,2009,8,United States of America,USA
184,2019,7,India,IND
183,2025,3,Russia,RUS
182,2009,6,United States of America,USA
181,2023,7,Canada,CAN
181,2015,7,Brazil,BRA
180,2024,8,India,IND
180,2016,7,Germany,DEU
179,2011,6,Germany,DEU
178,2014,4,Brazil,BRA
176,2016,2,United States of America,USA
176,2023,7,China,CHN
176,2016,6,Brazil,BRA
176,2021,11,Canada,CAN
175,2016,11,Russia,RUS
173,2019,5,United States of America,USA
173,2018,5,India,IND
172,2013,9,Canada,CAN
172,2022,12,Japan,JPN
171,2016,6,Canada,CAN
171,2016,12,Canada,CAN
170,2014,9,United States of America,USA
170,2022,8,Brazil,BRA
169,2009,3,United States of America,USA
169,2023,9,Brazil,BRA
169,2023,5,France,FRA
169,2021,3,Japan,JPN
169,2017,2,India,IND
169,2023,9,China,CHN
167,2015,6,Germany,DEU
167,2013,10,Brazil,BRA
166,2018,4,China,CHN
166,2010,12,United States of America,USA
166,2014,5,India,IND
165,2024,8,China,CHN
165,2012,10,India,IND
165,2017,11,India,IND
164,2024,7,Canada,CAN
164,2013,12,Mexico,MEX
164,2015,12,China,CHN
164,2025,1,India,IND
164,2018,1,Argentina,ARG
162,2023,3,Brazil,BRA
162,2023,3,Japan,JPN
162,2020,10,Brazil,BRA
161,2012,1,France,FRA
161,2019,6,Canada,CAN
161,2023,5,Brazil,BRA
160,2010,2,Brazil,BRA
160,2014,7,United States of America,USA
160,2018,3,Germany,DEU
160,2018,12,Brazil,BRA
159,2024,4,Japan,JPN
159,2015,6,Japan,JPN
159,2018,5,France,FRA
158,2018,3,France,FRA
156,2012,10,Japan,JPN
156,2010,4,Germany,DEU
155,2020,11,Germany,DEU
155,2013,3,United States of America,USA
155,2018,6,India,IND
155,2011,1,Germany,DEU
154,2021,7,Canada,CAN
153,2010,12,Germany,DEU
152,2018,12,Russia,RUS
152,2016,11,Canada,CAN
151,2015,1,India,IND
151,2024,12,Mexico,MEX
151,2015,3,India,IND
151,2015,12,Russia,RUS
151,2021,3,India,IND
150,2015,4,Canada,CAN
150,2022,12,Brazil,BRA
150,2016,12,France,FRA
149,2020,12,Canada,CAN
148,2014,1,India,IND
148,2018,8,China,CHN
148,2010,3,Japan,JPN
146,2015,10,Argentina,ARG
145,2009,5,United States of America,USA
145,2019,10,China,CHN
144,2010,12,Russia,RUS
143,2011,12,Germany,DEU
143,2020,3,Japan,JPN
143,2022,6,Japan,JPN
143,2015,12,Canada,CAN
142,2009,10,China,CHN
141,2019,3,Russia,RUS
141,2015,2,Canada,CAN
141,2024,11,Brazil,BRA
141,2014,4,Germany,DEU
140,2014,10,India,IND
140,2015,12,India,IND
140,2016,3,Canada,CAN
139,2017,5,India,IND
139,2010,8,China,CHN
139,2021,4,Canada,CAN
139,2014,10,Brazil,BRA
138,2020,12,Brazil,BRA
138,2011,2,Argentina,ARG
137,2020,11,France,FRA
137,2016,5,Canada,CAN
136,2016,12,Germany,DEU
136,2020,3,Russia,RUS
136,2016,2,Russia,RUS
136,2008,11,United States of America,USA
135,2016,7,India,IND
135,2022,3,India,IND
135,2017,10,United States of America,USA
134,2012,5,United States of America,USA
133,2014,11,United States of America,USA
133,2023,8,Brazil,BRA
132,2017,8,Argentina,ARG
132,2014,9,Brazil,BRA
131,2023,3,Germany,DEU
131,2015,2,Russia,RUS
130,2009,5,India,IND
130,2009,12,Canada,CAN
129,2018,5,Mexico,MEX
128,2020,4,Germany,DEU
128,2023,5,India,IND
128,2012,12,Russia,RUS
128,2020,6,India,IND
127,2009,1,Germany,DEU
127,2022,8,Russia,RUS
126,2010,9,Canada,CAN
126,2010,2,India,IND
126,2025,1,Russia,RUS
125,2010,5,United States of America,USA
125,2022,10,Brazil,BRA
125,2015,6,India,IND
125,2014,7,China,CHN
125,2010,12,Canada,CAN
124,2012,9,India,IND
124,2013,6,Brazil,BRA
123,2022,12,China,CHN
123,2024,9,Germany,DEU
123,2010,1,Russia,RUS
123,2020,5,India,IND
123,2021,11,Germany,DEU
122,2016,4,China,CHN
122,2014,6,India,IND
122,2011,12,India,IND
122,2022,5,Brazil,BRA
121,2011,5,United States of America,USA
121,2019,3,Canada,CAN
121,2014,11,Russia,RUS
120,2023,1,Germany,DEU
120,2011,7,Brazil,BRA
120,2011,2,Brazil,BRA
120,2012,1,Germany,DEU
119,2021,11,Japan,JPN
119,2009,11,Russia,RUS
119,2024,4,India,IND
119,2020,2,United States of America,USA
118,2020,5,Argentina,ARG
118,2018,9,Russia,RUS
118,2015,6,United States of America,USA
117,2022,4,India,IND
117,2012,1,Argentina,ARG
116,2016,9,Russia,RUS
115,2018,4,Canada,CAN
115,2019,8,India,IND
115,2015,7,United States of America,USA
115,2018,10,Canada,CAN
115,2010,3,Brazil,BRA
115,2019,10,Canada,CAN
115,2023,3,France,FRA
114,2013,3,Germany,DEU
114,2013,1,Argentina,ARG
113,2019,4,India,IND
113,2016,7,Russia,RUS
113,2021,8,Brazil,BRA
113,2009,1,France,FRA
112,2020,10,United States of America,USA
111,2012,11,Brazil,BRA
111,2014,2,Brazil,BRA
111,2009,3,Argentina,ARG
111,2022,1,Canada,CAN
111,2019,6,Germany,DEU
111,2019,4,Japan,JPN
111,2020,3,Canada,CAN
111,2015,12,Germany,DEU
110,2023,8,China,CHN
110,2020,12,China,CHN
110,2025,2,China,CHN
110,2018,7,Brazil,BRA
110,2010,2,Canada,CAN
109,2022,7,France,FRA
109,2022,6,Brazil,BRA
109,2017,12,Canada,CAN
109,2015,8,Canada,CAN
109,2024,6,Russia,RUS
109,2021,7,Brazil,BRA
109,2021,6,Canada,CAN
108,2020,5,Russia,RUS
107,2011,12,China,CHN
107,2009,2,Germany,DEU
107,2018,9,United States of America,USA
106,2020,5,France,FRA
106,2009,8,India,IND
105,2017,12,China,CHN
105,2022,2,Brazil,BRA
104,2009,2,France,FRA
104,2014,12,Argentina,ARG
104,2012,2,Russia,RUS
103,2011,10,China,CHN
103,2016,2,Canada,CAN
103,2024,9,France,FRA
102,2020,8,United States of America,USA
102,2022,10,Canada,CAN
102,2018,11,China,CHN
102,2019,9,Canada,CAN
102,2010,6,Germany,DEU
102,2010,1,Brazil,BRA
102,2011,5,India,IND
102,2016,5,France,FRA
101,2015,12,France,FRA
101,2014,9,Argentina,ARG
101,2009,4,Canada,CAN
101,2015,3,Japan,JPN
100,2022,3,Brazil,BRA
100,2016,10,Germany,DEU
100,2023,4,Germany,DEU
99,2021,3,Germany,DEU
99,2011,4,India,IND
99,2024,3,Germany,DEU
99,2018,9,India,IND
97,2022,7,China,CHN
97,2013,12,India,IND
97,2021,5,India,IND
97,2009,8,France,FRA
97,2011,11,India,IND
96,2024,7,France,FRA
96,2017,10,Mexico,MEX
96,2009,6,Canada,CAN
96,2018,6,Brazil,BRA
96,2018,8,Canada,CAN
96,2021,6,India,IND
95,2013,11,Canada,CAN
95,2020,4,France,FRA
95,2015,8,United States of America,USA
94,2016,10,Argentina,ARG
94,2016,3,Russia,RUS
94,2019,2,United States of America,USA
94,2015,4,China,CHN
94,2010,7,Germany,DEU
94,2018,12,Germany,DEU
94,2016,12,China,CHN
94,2012,4,Brazil,BRA
93,2014,5,United States of America,USA
93,2017,3,Russia,RUS
93,2022,1,Brazil,BRA
93,2012,8,India,IND
92,2025,4,Japan,JPN
92,2015,5,United States of America,USA
92,2020,9,Germany,DEU
92,2016,1,Russia,RUS
92,2022,7,United States of America,USA
92,2009,10,Germany,DEU
91,2021,12,Brazil,BRA
91,2014,4,United States of America,USA
91,2015,5,Canada,CAN
91,2015,10,Brazil,BRA
90,2021,9,Brazil,BRA
90,2010,4,India,IND
90,2017,1,Canada,CAN
90,2020,8,China,CHN
90,2021,5,Canada,CAN
90,2013,6,Germany,DEU
89,2009,12,Brazil,BRA
89,2012,12,China,CHN
89,2011,8,Russia,RUS
88,2015,1,United States of America,USA
88,2012,6,Argentina,ARG
87,2021,8,Russia,RUS
87,2008,11,India,IND
87,2011,3,France,FRA
87,2009,12,India,IND
86,2015,9,India,IND
86,2010,5,Argentina,ARG
85,2019,1,Canada,CAN
85,2021,7,United States of America,USA
85,2011,3,Germany,DEU
85,2021,10,Japan,JPN
84,2020,7,Canada,CAN
84,2025,4,Canada,CAN
84,2023,11,China,CHN
84,2021,11,Mexico,MEX
83,2009,3,Japan,JPN
83,2022,9,Brazil,BRA
83,2013,2,Brazil,BRA
82,2015,6,Canada,CAN
82,2013,12,China,CHN
82,2015,6,Brazil,BRA
82,2010,12,France,FRA
82,2016,12,Argentina,ARG
82,2024,3,France,FRA
82,2012,1,Brazil,BRA
81,2009,2,Russia,RUS
81,2015,6,China,CHN
81,2011,7,Germany,DEU
81,2009,9,Brazil,BRA
81,2014,3,China,CHN
81,2013,10,France,FRA
81,2018,12,France,FRA
81,2013,8,United States of America,USA
80,2019,11,China,CHN
80,2021,1,Brazil,BRA
80,2014,2,China,CHN
80,2011,8,Canada,CAN
80,2016,10,Canada,CAN
80,2023,10,Russia,RUS
79,2019,3,Mexico,MEX
79,2013,10,India,IND
79,2009,7,France,FRA
79,2011,7,Canada,CAN
79,2020,5,Germany,DEU
79,2020,11,Brazil,BRA
78,2016,4,India,IND
78,2022,7,Argentina,ARG
78,2013,11,Germany,DEU
77,2020,5,Canada,CAN
77,2013,6,France,FRA
76,2016,5,United States of America,USA
76,2022,8,Canada,CAN
76,2009,8,Canada,CAN
76,2011,8,India,IND
76,2017,1,Brazil,BRA
76,2013,6,Argentina,ARG
75,2020,8,Canada,CAN
75,2014,1,Russia,RUS
75,2022,7,Brazil,BRA
75,2022,6,China,CHN
74,2015,11,Canada,CAN
74,2015,9,Canada,CAN
74,2017,3,Brazil,BRA
74,2021,2,Brazil,BRA
73,2023,11,Russia,RUS
73,2020,6,Germany,DEU
73,2022,11,United States of America,USA
73,2015,10,Canada,CAN
73,2011,2,Canada,CAN
73,2020,8,Brazil,BRA
73,2021,10,India,IND
73,2011,1,Brazil,BRA
72,2009,12,Argentina,ARG
71,2021,2,Canada,CAN
71,2020,8,India,IND
71,2009,12,China,CHN
71,2018,7,Canada,CAN
71,2010,7,India,IND
71,2016,3,Japan,JPN
71,2014,8,United States of America,USA
70,2015,5,Germany,DEU
70,2013,11,Brazil,BRA
70,2019,12,Germany,DEU
70,2025,3,Japan,JPN
70,2011,6,Canada,CAN
70,2019,2,Brazil,BRA
69,2010,12,India,IND
69,2016,12,India,IND
69,2019,1,Russia,RUS
69,2021,5,China,CHN
69,2009,7,Germany,DEU
69,2010,7,France,FRA
69,2023,9,India,IND
69,2018,4,Germany,DEU
69,2020,6,France,FRA
68,2012,9,Russia,RUS
68,2023,10,Argentina,ARG
68,2019,1,Mexico,MEX
68,2009,6,Brazil,BRA
68,2022,9,Argentina,ARG
68,2019,12,France,FRA
67,2023,6,Brazil,BRA
67,2017,6,Canada,CAN
67,2011,3,Argentina,ARG
67,2021,3,Russia,RUS
67,2013,7,Russia,RUS
66,2010,6,Canada,CAN
66,2012,2,Germany,DEU
66,2019,9,United States of America,USA
66,2024,5,Brazil,BRA
66,2018,1,Brazil,BRA
66,2024,3,Canada,CAN
65,2022,8,China,CHN
65,2009,2,Brazil,BRA
65,2016,8,United States of America,USA
64,2015,3,Mexico,MEX
64,2020,6,Japan,JPN
64,2022,7,Russia,RUS
64,2015,1,Japan,JPN
64,2019,5,Russia,RUS
64,2009,3,France,FRA
64,2011,7,China,CHN
64,2010,5,France,FRA
64,2011,5,Canada,CAN
63,2020,2,China,CHN
63,2014,8,Germany,DEU
63,2018,8,Brazil,BRA
63,2014,9,India,IND
63,2016,7,Canada,CAN
63,2019,12,Brazil,BRA
62,2011,7,Argentina,ARG
62,2017,12,Russia,RUS
62,2012,2,India,IND
62,2017,5,Canada,CAN
62,2023,11,Canada,CAN
61,2011,6,Russia,RUS
61,2013,6,China,CHN
61,2011,3,Canada,CAN
61,2009,10,Russia,RUS
61,2020,5,Japan,JPN
60,2015,11,Argentina,ARG
60,2019,1,Argentina,ARG
59,2024,11,India,IND
59,2023,11,Germany,DEU
59,2014,5,Japan,JPN
59,2012,7,China,CHN
59,2010,1,Japan,JPN
59,2015,11,Japan,JPN
59,2018,7,Russia,RUS
59,2009,5,Argentina,ARG
59,2015,9,Japan,JPN
58,2009,7,Canada,CAN
58,2021,4,Brazil,BRA
58,2012,6,Germany,DEU
57,2016,11,Germany,DEU
57,2018,7,Germany,DEU
57,2017,7,United States of America,USA
57,2018,10,Brazil,BRA
56,2014,3,India,IND
56,2011,9,Canada,CAN
56,2010,3,Argentina,ARG
56,2020,9,Russia,RUS
56,2013,7,France,FRA
56,2017,12,Germany,DEU
56,2019,5,Canada,CAN
55,2011,1,France,FRA
55,2023,8,India,IND
55,2020,11,India,IND
55,2014,3,United States of America,USA
55,2010,10,Canada,CAN
55,2021,10,Russia,RUS
54,2008,12,Germany,DEU
54,2013,11,Russia,RUS
54,2017,7,India,IND
54,2018,1,Germany,DEU
53,2015,9,Russia,RUS
53,2021,6,Brazil,BRA
53,2012,9,Brazil,BRA
53,2024,1,India,IND
52,2021,3,Brazil,BRA
52,2020,9,Brazil,BRA
52,2021,7,France,FRA
52,2016,12,Russia,RUS
52,2017,3,Canada,CAN
52,2024,12,Russia,RUS
52,2020,2,Brazil,BRA
51,2023,7,France,FRA
51,2018,6,Russia,RUS
51,2016,8,Argentina,ARG
51,2009,9,Argentina,ARG
51,2018,10,India,IND
51,2011,9,Brazil,BRA
51,2012,8,Russia,RUS
50,2015,3,Russia,RUS
50,2013,3,Russia,RUS
50,2023,6,Argentina,ARG
50,2024,10,Canada,CAN
50,2010,5,Germany,DEU
50,2011,6,France,FRA
50,2014,3,Brazil,BRA
49,2016,1,Canada,CAN
49,2021,1,Japan,JPN
49,2022,8,Argentina,ARG
49,2018,1,France,FRA
49,2019,12,India,IND
49,2016,4,Russia,RUS
49,2010,5,India,IND
48,2012,5,Germany,DEU
48,2021,8,Canada,CAN
48,2016,5,Germany,DEU
48,2011,9,China,CHN
48,2011,11,China,CHN
48,2023,6,Japan,JPN
48,2015,1,Russia,RUS
48,2022,7,Japan,JPN
48,2023,1,India,IND
48,2010,8,Russia,RUS
48,2018,2,Russia,RUS
48,2021,11,France,FRA
47,2023,10,China,CHN
47,2021,8,India,IND
47,2009,2,Canada,CAN
47,2009,3,China,CHN
47,2019,1,Japan,JPN
47,2008,11,Germany,DEU
47,2009,11,Canada,CAN
47,2010,2,France,FRA
47,2020,3,France,FRA
46,2010,1,Canada,CAN
46,2017,4,Canada,CAN
46,2010,5,Brazil,BRA
46,2010,11,Canada,CAN
46,2017,8,China,CHN
46,2011,3,Brazil,BRA
46,2015,7,France,FRA
46,2009,3,Canada,CAN
46,2018,12,China,CHN
46,2020,6,Canada,CAN
45,2020,6,Brazil,BRA
45,2017,7,Germany,DEU
45,2010,6,France,FRA
45,2012,12,Japan,JPN
45,2010,12,Argentina,ARG
45,2012,9,Germany,DEU
45,2015,7,China,CHN
45,2012,2,China,CHN
45,2024,6,India,IND
45,2018,8,Russia,RUS
45,2023,9,France,FRA
45,2022,6,India,IND
44,2020,10,Canada,CAN
44,2023,10,France,FRA
44,2024,10,China,CHN
44,2020,4,Japan,JPN
44,2010,9,France,FRA
44,2018,7,France,FRA
44,2016,11,India,IND
44,2016,7,Argentina,ARG
44,2020,4,India,IND
44,2020,9,Canada,CAN
44,2019,1,Brazil,BRA
44,2014,7,Russia,RUS
44,2023,6,India,IND
43,2023,2,China,CHN
43,2017,11,Germany,DEU
43,2024,2,Canada,CAN
43,2015,8,Brazil,BRA
43,2020,10,Argentina,ARG
43,2012,3,Brazil,BRA
43,2016,10,Mexico,MEX
43,2017,7,Canada,CAN
43,2018,2,Canada,CAN
43,2014,6,Germany,DEU
43,2015,10,Mexico,MEX
43,2012,11,Germany,DEU
43,2013,9,Japan,JPN
42,2021,7,India,IND
42,2022,1,Japan,JPN
42,2014,4,Russia,RUS
42,2013,10,Germany,DEU
42,2017,12,France,FRA
42,2019,3,Japan,JPN
42,2014,3,Japan,JPN
41,2023,4,Japan,JPN
41,2016,1,Argentina,ARG
41,2014,1,Canada,CAN
41,2018,4,France,FRA
41,2011,9,India,IND
41,2014,6,France,FRA
41,2017,9,Canada,CAN
41,2010,3,Canada,CAN
41,2009,11,Germany,DEU
41,2015,11,Russia,RUS
41,2014,8,France,FRA
41,2013,4,Germany,DEU
41,2022,12,Russia,RUS
40,2013,4,France,FRA
40,2019,11,Brazil,BRA
40,2022,5,Russia,RUS
40,2014,10,Russia,RUS
40,2015,8,Germany,DEU
40,2017,4,United States of America,USA
40,2019,10,India,IND
40,2024,12,India,IND
40,2010,3,Germany,DEU
40,2014,6,Brazil,BRA
40,2013,5,China,CHN
39,2016,6,Russia,RUS
39,2020,3,Germany,DEU
39,2020,2,Canada,CAN
39,2015,1,Argentina,ARG
39,2012,9,France,FRA
39,2018,12,Canada,CAN
39,2015,9,Germany,DEU
39,2010,7,Canada,CAN
39,2017,7,France,FRA
39,2016,8,Canada,CAN
39,2009,11,Argentina,ARG
39,2019,8,Argentina,ARG
39,2022,9,France,FRA
38,2022,10,Mexico,MEX
38,2023,7,Russia,RUS
38,2020,4,Brazil,BRA
38,2021,7,Russia,RUS
38,2009,3,Brazil,BRA
38,2022,11,Brazil,BRA
38,2021,4,India,IND
38,2016,5,Russia,RUS
38,2008,11,Argentina,ARG
37,2017,4,China,CHN
37,2018,1,Canada,CAN
37,2022,12,Mexico,MEX
37,2012,6,Switzerland,CHE
37,2024,1,Germany,DEU
37,2015,9,France,FRA
37,2017,10,Germany,DEU
37,2014,12,India,IND
37,2017,2,China,CHN
37,2017,10,France,FRA
37,2009,9,Canada,CAN
37,2021,11,Brazil,BRA
37,2017,11,Russia,RUS
37,2017,11,United States of America,USA
37,2023,7,Brazil,BRA
37,2020,10,India,IND
37,2015,5,France,FRA
37,2017,8,Russia,RUS
37,2020,10,Japan,JPN
37,2009,4,France,FRA
36,2009,5,Canada,CAN
36,2013,8,Germany,DEU
36,2017,2,Brazil,BRA
36,2015,8,France,FRA
36,2010,11,Japan,JPN
36,2012,1,Japan,JPN
36,2010,11,Germany,DEU
36,2018,4,Japan,JPN
36,2014,1,Japan,JPN
36,2008,11,France,FRA
36,2010,9,Germany,DEU
36,2014,8,India,IND
36,2017,8,Canada,CAN
36,2020,9,France,FRA
36,2022,9,India,IND
36,2024,4,Russia,RUS
36,2015,1,Germany,DEU
35,2009,8,Russia,RUS
35,2017,5,Germany,DEU
35,2019,12,Russia,RUS
35,2008,12,France,FRA
35,2019,12,China,CHN
35,2018,10,Germany,DEU
35,2019,8,United States of America,USA
35,2021,6,China,CHN
35,2010,6,Japan,JPN
34,2015,5,Brazil,BRA
34,2021,6,Germany,DEU
34,2023,8,Canada,CAN
34,2016,5,Argentina,ARG
34,2017,9,India,IND
34,2016,9,Canada,CAN
34,2009,12,Russia,RUS
34,2012,2,France,FRA
34,2023,6,Russia,RUS
34,2014,7,France,FRA
34,2023,10,Japan,JPN
34,2019,6,Japan,JPN
33,2021,11,Russia,RUS
33,2017,6,Russia,RUS
33,2010,9,China,CHN
33,2009,4,Argentina,ARG
33,2023,4,Brazil,BRA
33,2017,10,Russia,RUS
33,2015,5,Russia,RUS
33,2009,1,Russia,RUS
33,2015,2,India,IND
33,2010,5,Canada,CAN
32,2021,9,Germany,DEU
32,2014,5,Brazil,BRA
32,2020,10,Germany,DEU
32,2023,5,Russia,RUS
32,2012,7,Germany,DEU
32,2009,11,France,FRA
32,2012,8,France,FRA
32,2014,2,Russia,RUS
32,2017,7,Russia,RUS
32,2016,4,Brazil,BRA
32,2019,11,Germany,DEU
31,2019,6,Russia,RUS
31,2021,10,Canada,CAN
31,2012,8,Japan,JPN
31,2022,11,Russia,RUS
31,2009,10,Canada,CAN
31,2023,1,Russia,RUS
31,2021,5,Brazil,BRA
31,2023,1,France,FRA
31,2012,10,France,FRA
31,2017,10,Canada,CAN
31,2012,10,Germany,DEU
31,2014,4,Japan,JPN
30,2023,10,Mexico,MEX
30,2009,7,Russia,RUS
30,2020,12,Mexico,MEX
30,2017,5,United States of America,USA
30,2018,3,Argentina,ARG
30,2010,11,France,FRA
30,2023,9,Switzerland,CHE
30,2023,10,Germany,DEU
30,2023,5,China,CHN
30,2013,1,Russia,RUS
30,2015,7,Germany,DEU
30,2009,6,France,FRA
30,2016,4,Japan,JPN
30,2023,1,Canada,CAN
30,2024,2,Japan,JPN
30,2010,6,Brazil,BRA
30,2011,12,France,FRA
30,2011,1,Argentina,ARG
30,2023,11,France,FRA
30,2012,3,Japan,JPN
29,2024,11,Russia,RUS
29,2014,12,Japan,JPN
29,2016,10,India,IND
29,2012,6,France,FRA
29,2014,11,Germany,DEU
29,2018,12,Japan,JPN
29,2016,6,Germany,DEU
29,2012,7,France,FRA
29,2022,10,India,IND
28,2024,11,Japan,JPN
28,2014,11,Brazil,BRA
28,2009,3,Germany,DEU
28,2023,12,India,IND
28,2025,3,India,IND
28,2017,5,France,FRA
28,2017,2,Russia,RUS
27,2016,3,Mexico,MEX
27,2020,10,France,FRA
27,2024,3,Japan,JPN
27,2025,1,Germany,DEU
27,2016,8,Germany,DEU
27,2013,5,Russia,RUS
27,2022,3,Mexico,MEX
27,2024,3,Russia,RUS
27,2018,8,Argentina,ARG
27,2024,10,India,IND
27,2010,12,Brazil,BRA
26,2023,12,Canada,CAN
26,2014,9,Mexico,MEX
26,2015,2,Japan,JPN
26,2023,11,India,IND
26,2023,2,Russia,RUS
26,2015,9,Brazil,BRA
26,2011,10,France,FRA
26,2019,2,Canada,CAN
26,2024,11,China,CHN
26,2022,5,Japan,JPN
26,2022,11,France,FRA
26,2012,9,Japan,JPN
25,2017,2,United States of America,USA
25,2022,7,India,IND
25,2023,7,India,IND
25,2013,6,Russia,RUS
25,2012,4,China,CHN
25,2015,2,Germany,DEU
25,2019,12,Japan,JPN
25,2022,6,Russia,RUS
25,2009,6,Argentina,ARG
25,2011,6,Japan,JPN
24,2019,8,Japan,JPN
24,2024,10,Mexico,MEX
24,2021,10,France,FRA
24,2019,4,Canada,CAN
24,2017,4,France,FRA
24,2018,7,Japan,JPN
24,2013,2,Germany,DEU
24,2010,11,China,CHN
24,2021,6,Japan,JPN
24,2010,2,Germany,DEU
24,2009,9,Germany,DEU
24,2021,2,Japan,JPN
24,2014,10,China,CHN
24,2018,9,Germany,DEU
24,2023,3,Russia,RUS
24,2014,8,Mexico,MEX
24,2021,4,Russia,RUS
24,2015,4,Germany,DEU
24,2011,7,Mexico,MEX
24,2023,10,India,IND
24,2019,4,Germany,DEU
23,2021,11,India,IND
23,2013,5,Germany,DEU
23,2021,12,Mexico,MEX
23,2023,12,Mexico,MEX
23,2021,10,Argentina,ARG
23,2024,8,Russia,RUS
23,2016,10,France,FRA
23,2011,7,France,FRA
23,2025,2,Japan,JPN
23,2010,10,China,CHN
23,2019,10,Germany,DEU
23,2010,8,France,FRA
23,2024,6,Argentina,ARG
23,2011,10,Germany,DEU
23,2017,4,Brazil,BRA
22,2011,9,Argentina,ARG
22,2018,4,India,IND
22,2018,12,Argentina,ARG
22,2010,9,Argentina,ARG
22,2025,3,Brazil,BRA
22,2022,9,Germany,DEU
22,2024,8,France,FRA
22,2013,10,Russia,RUS
22,2010,3,France,FRA
22,2011,12,Japan,JPN
22,2018,9,Canada,CAN
22,2020,1,Brazil,BRA
22,2012,5,Japan,JPN
22,2012,5,Mexico,MEX
22,2019,12,Canada,CAN
22,2019,2,China,CHN
22,2025,3,Mexico,MEX
22,2017,8,France,FRA
22,2020,8,Germany,DEU
22,2009,1,Canada,CAN
22,2020,1,Mexico,MEX
22,2016,1,Switzerland,CHE
22,2009,5,Germany,DEU
21,2011,1,Canada,CAN
21,2016,2,Japan,JPN
21,2015,9,Mexico,MEX
21,2020,3,Brazil,BRA
21,2021,11,Argentina,ARG
21,2021,10,China,CHN
21,2017,3,India,IND
21,2014,2,Germany,DEU
21,2009,5,Russia,RUS
21,2021,3,Argentina,ARG
21,2013,8,France,FRA
21,2020,3,Argentina,ARG
21,2011,9,Germany,DEU
21,2011,3,Japan,JPN
21,2019,2,Mexico,MEX
21,2022,10,Russia,RUS
20,2015,4,France,FRA
20,2013,6,Switzerland,CHE
20,2010,3,Russia,RUS
20,2010,4,Argentina,ARG
20,2018,1,Mexico,MEX
20,2021,10,Brazil,BRA
20,2017,8,Germany,DEU
20,2011,2,Germany,DEU
20,2009,11,China,CHN
20,2009,8,Argentina,ARG
20,2018,10,France,FRA
20,2023,4,India,IND
20,2015,4,Japan,JPN
20,2016,8,France,FRA
20,2010,8,Canada,CAN
20,2023,5,Germany,DEU
20,2020,6,Russia,RUS
20,2021,5,Germany,DEU
20,2009,2,Argentina,ARG
20,2021,3,France,FRA
20,2021,9,Canada,CAN
20,2019,4,Brazil,BRA
19,2009,7,Mexico,MEX
19,2019,3,Argentina,ARG
19,2023,12,Switzerland,CHE
19,2009,7,Argentina,ARG
19,2017,4,India,IND
19,2010,9,Mexico,MEX
19,2022,5,China,CHN
19,2024,9,Japan,JPN
19,2009,7,China,CHN
19,2018,2,Germany,DEU
19,2014,10,Japan,JPN
19,2019,8,Germany,DEU
19,2015,3,Germany,DEU
19,2011,6,Argentina,ARG
19,2014,2,France,FRA
19,2025,1,Mexico,MEX
19,2015,4,Brazil,BRA
19,2013,1,Brazil,BRA
19,2015,5,India,IND
19,2023,12,Japan,JPN
18,2017,11,Brazil,BRA
18,2022,11,Japan,JPN
18,2014,4,France,FRA
18,2012,4,India,IND
18,2024,2,Switzerland,CHE
18,2022,12,Switzerland,CHE
18,2016,3,China,CHN
18,2011,1,Russia,RUS
18,2023,8,Russia,RUS
18,2013,3,India,IND
18,2015,10,Japan,JPN
18,2019,6,India,IND
18,2020,5,Brazil,BRA
18,2015,1,Switzerland,CHE
18,2013,1,Japan,JPN
18,2021,12,Argentina,ARG
18,2009,12,Switzerland,CHE
18,2009,4,Russia,RUS
18,2010,11,Russia,RUS
18,2023,4,France,FRA
18,2015,8,China,CHN
18,2023,6,Switzerland,CHE
18,2023,6,Canada,CAN
18,2017,4,Germany,DEU
18,2010,10,Germany,DEU
17,2021,8,France,FRA
17,2013,9,Russia,RUS
17,2014,2,Argentina,ARG
17,2009,4,Germany,DEU
17,2024,1,Japan,JPN
17,2016,7,Brazil,BRA
17,2021,8,Mexico,MEX
17,2015,3,France,FRA
17,2008,12,Mexico,MEX
17,2011,8,Germany,DEU
17,2016,2,Germany,DEU
17,2021,4,France,FRA
17,2009,1,Argentina,ARG
17,2009,9,France,FRA
17,2011,10,Canada,CAN
17,2018,2,France,FRA
17,2024,6,Canada,CAN
17,2022,1,Russia,RUS
17,2018,6,Japan,JPN
17,2011,11,Argentina,ARG
17,2021,6,France,FRA
16,2021,5,Russia,RUS
16,2019,7,Japan,JPN
16,2008,12,Brazil,BRA
16,2015,1,France,FRA
16,2023,9,Japan,JPN
16,2018,3,India,IND
16,2021,6,Argentina,ARG
16,2018,9,France,FRA
16,2017,2,Germany,DEU
16,2020,7,Russia,RUS
16,2020,3,Switzerland,CHE
16,2011,9,France,FRA
16,2012,11,India,IND
16,2022,2,Japan,JPN
16,2013,5,Argentina,ARG
16,2013,2,France,FRA
16,2011,10,Argentina,ARG
16,2022,9,Russia,RUS
16,2017,9,Brazil,BRA
16,2024,4,Canada,CAN
16,2018,8,France,FRA
16,2015,7,Argentina,ARG
16,2010,2,Russia,RUS
16,2022,3,Argentina,ARG
15,2024,12,Canada,CAN
15,2012,1,Switzerland,CHE
15,2011,4,Canada,CAN
15,2021,8,China,CHN
15,2010,9,Russia,RUS
15,2020,2,Mexico,MEX
15,2009,1,Switzerland,CHE
15,2019,7,Germany,DEU
15,2016,5,Japan,JPN
15,2019,6,France,FRA
15,2013,2,Switzerland,CHE
15,2017,9,France,FRA
15,2016,12,Japan,JPN
15,2018,11,Canada,CAN
15,2021,1,India,IND
15,2014,2,Canada,CAN
15,2018,6,Germany,DEU
15,2013,11,Argentina,ARG
15,2019,11,India,IND
15,2015,3,Argentina,ARG
15,2025,3,Switzerland,CHE
15,2017,3,Germany,DEU
15,2020,1,Canada,CAN
15,2013,8,Russia,RUS
15,2021,5,Switzerland,CHE
15,2011,4,Germany,DEU
15,2021,12,India,IND
14,2020,8,France,FRA
14,2013,9,Mexico,MEX
14,2020,11,Russia,RUS
14,2024,10,France,FRA
14,2021,4,Japan,JPN
14,2024,5,India,IND
14,2009,6,Germany,DEU
14,2008,12,Argentina,ARG
14,2014,6,Argentina,ARG
14,2022,5,Argentina,ARG
14,2012,7,Brazil,BRA
14,2014,11,Mexico,MEX
14,2015,4,Argentina,ARG
14,2010,10,France,FRA
14,2014,3,Germany,DEU
14,2011,2,France,FRA
14,2016,2,France,FRA
14,2017,2,France,FRA
14,2017,2,Canada,CAN
14,2018,5,Russia,RUS
14,2010,5,Russia,RUS
14,2022,9,China,CHN
14,2012,5,France,FRA
14,2012,6,Japan,JPN
14,2012,7,Russia,RUS
14,2018,12,Switzerland,CHE
14,2016,2,Mexico,MEX
13,2022,8,India,IND
13,2013,12,Argentina,ARG
13,2018,7,Argentina,ARG
13,2017,6,France,FRA
13,2017,11,France,FRA
13,2017,6,India,IND
13,2013,5,Japan,JPN
13,2024,1,Mexico,MEX
13,2012,3,Germany,DEU
13,2025,1,Canada,CAN
13,2009,10,Argentina,ARG
13,2011,8,France,FRA
13,2013,10,Mexico,MEX
13,2019,3,Germany,DEU
13,2017,5,Switzerland,CHE
13,2011,11,Germany,DEU
13,2018,9,Brazil,BRA
13,2011,5,China,CHN
13,2019,10,Brazil,BRA
13,2013,6,Japan,JPN
13,2022,11,Mexico,MEX
13,2017,4,Argentina,ARG
13,2022,12,Argentina,ARG
13,2012,5,China,CHN
12,2021,10,Germany,DEU
12,2021,5,Argentina,ARG
12,2012,4,France,FRA
12,2012,4,Argentina,ARG
12,2011,4,France,FRA
12,2014,7,Switzerland,CHE
12,2014,4,India,IND
12,2010,4,France,FRA
12,2018,6,France,FRA
12,2020,8,Mexico,MEX
12,2012,3,France,FRA
12,2013,12,Japan,JPN
12,2010,10,Russia,RUS
12,2018,8,Germany,DEU
12,2012,9,China,CHN
12,2017,6,China,CHN
12,2022,2,Russia,RUS
12,2019,6,Brazil,BRA
12,2019,10,France,FRA
12,2017,4,Japan,JPN
12,2019,11,Japan,JPN
12,2018,7,China,CHN
12,2012,10,China,CHN
12,2022,5,Germany,DEU
12,2013,8,China,CHN
12,2016,3,Brazil,BRA
12,2014,7,Canada,CAN
12,2019,12,Mexico,MEX
12,2024,5,Argentina,ARG
12,2014,6,Japan,JPN
12,2024,1,Russia,RUS
12,2008,11,Brazil,BRA
12,2012,4,Germany,DEU
12,2011,5,Argentina,ARG
12,2023,4,Russia,RUS
11,2010,8,Japan,JPN
11,2009,5,France,FRA
11,2016,4,Switzerland,CHE
11,2010,4,Canada,CAN
11,2015,10,Germany,DEU
11,2024,5,Russia,RUS
11,2019,9,China,CHN
11,2022,7,Mexico,MEX
11,2016,11,France,FRA
11,2023,5,Argentina,ARG
11,2011,11,France,FRA
11,2024,5,Canada,CAN
11,2013,12,Russia,RUS
11,2024,4,Germany,DEU
11,2019,11,Canada,CAN
11,2016,2,Brazil,BRA
11,2015,1,Mexico,MEX
11,2013,9,China,CHN
11,2024,4,Argentina,ARG
11,2025,2,Mexico,MEX
11,2013,11,Switzerland,CHE
11,2022,5,France,FRA
11,2024,10,Argentina,ARG
11,2011,6,Brazil,BRA
11,2021,9,Russia,RUS
11,2016,9,Argentina,ARG
11,2010,4,Japan,JPN
11,2016,9,Germany,DEU
11,2012,5,Argentina,ARG
11,2010,12,Switzerland,CHE
11,2017,9,Germany,DEU
11,2010,9,Japan,JPN
11,2017,3,Japan,JPN
11,2020,12,Japan,JPN
11,2021,9,France,FRA
11,2018,4,Brazil,BRA
11,2021,1,Russia,RUS
10,2012,5,Brazil,BRA
10,2020,2,France,FRA
10,2013,7,Japan,JPN
10,2010,2,Japan,JPN
10,2015,9,Switzerland,CHE
10,2024,7,Russia,RUS
10,2013,4,Russia,RUS
10,2011,5,Japan,JPN
10,2012,9,Canada,CAN
10,2014,11,France,FRA
10,2010,6,India,IND
10,2013,7,Argentina,ARG
10,2014,9,China,CHN
10,2009,10,Switzerland,CHE
10,2023,5,Japan,JPN
10,2015,3,Brazil,BRA
10,2016,8,China,CHN
10,2020,7,Japan,JPN
10,2014,5,Russia,RUS
10,2017,6,Germany,DEU
10,2020,3,Mexico,MEX
10,2019,2,Argentina,ARG
10,2019,8,France,FRA
10,2021,1,France,FRA
10,2020,8,Japan,JPN
10,2014,1,Switzerland,CHE
10,2024,5,Japan,JPN
10,2021,8,Germany,DEU
10,2023,9,Canada,CAN
10,2021,7,Argentina,ARG
10,2014,2,Switzerland,CHE
9,2011,8,Japan,JPN
9,2018,4,Argentina,ARG
9,2015,2,Argentina,ARG
9,2016,11,Brazil,BRA
9,2014,5,Germany,DEU
9,2011,4,China,CHN
9,2015,7,Switzerland,CHE
9,2019,5,Brazil,BRA
9,2019,9,Mexico,MEX
9,2016,10,Japan,JPN
9,2022,2,Argentina,ARG
9,2017,3,China,CHN
9,2022,1,Germany,DEU
9,2012,8,Germany,DEU
9,2021,8,Argentina,ARG
9,2010,8,Germany,DEU
9,2011,6,India,IND
9,2021,1,Germany,DEU
9,2009,10,Japan,JPN
9,2014,11,Japan,JPN
9,2016,9,Brazil,BRA
9,2013,7,Switzerland,CHE
9,2009,12,Japan,JPN
9,2024,9,Mexico,MEX
9,2022,8,Switzerland,CHE
9,2013,5,France,FRA
9,2016,6,Switzerland,CHE
9,2014,9,Japan,JPN
9,2015,9,Argentina,ARG
9,2018,8,Mexico,MEX
9,2024,12,Japan,JPN
9,2011,4,Brazil,BRA
8,2016,12,Switzerland,CHE
8,2011,2,Japan,JPN
8,2012,8,Switzerland,CHE
8,2014,4,China,CHN
8,2016,5,Brazil,BRA
8,2022,6,Argentina,ARG
8,2023,8,France,FRA
8,2014,8,Japan,JPN
8,2014,3,France,FRA
8,2010,7,Brazil,BRA
8,2010,5,Japan,JPN
8,2011,3,China,CHN
8,2020,2,Russia,RUS
8,2012,6,China,CHN
8,2008,12,Canada,CAN
8,2011,4,Argentina,ARG
8,2014,1,Argentina,ARG
8,2009,7,India,IND
8,2015,6,Argentina,ARG
8,2018,10,Mexico,MEX
8,2023,9,Argentina,ARG
8,2015,5,Mexico,MEX
8,2024,8,Japan,JPN
8,2017,10,China,CHN
8,2023,7,Argentina,ARG
8,2019,9,Germany,DEU
8,2022,9,Mexico,MEX
8,2024,4,France,FRA
8,2010,10,Argentina,ARG
8,2013,10,China,CHN
8,2018,7,Mexico,MEX
8,2020,7,Argentina,ARG
8,2019,9,Japan,JPN
8,2023,4,Argentina,ARG
8,2017,6,Switzerland,CHE
8,2022,4,Russia,RUS
7,2022,1,Argentina,ARG
7,2010,7,Argentina,ARG
7,2020,1,Japan,JPN
7,2017,10,Argentina,ARG
7,2020,11,Japan,JPN
7,2019,4,Argentina,ARG
7,2010,3,Mexico,MEX
7,2013,1,Canada,CAN
7,2023,1,Japan,JPN
7,2019,3,China,CHN
7,2021,2,Russia,RUS
7,2014,11,Canada,CAN
7,2021,2,Mexico,MEX
7,2010,6,Switzerland,CHE
7,2024,6,Japan,JPN
7,2017,3,France,FRA
7,2015,3,Switzerland,CHE
7,2013,11,China,CHN
7,2017,12,Japan,JPN
7,2019,9,France,FRA
7,2022,4,Brazil,BRA
7,2018,11,Japan,JPN
7,2017,11,Japan,JPN
7,2017,7,Argentina,ARG
7,2019,9,Switzerland,CHE
7,2013,9,Germany,DEU
7,2011,12,Switzerland,CHE
7,2013,11,India,IND
7,2017,12,Mexico,MEX
7,2021,1,Canada,CAN
7,2019,11,Russia,RUS
7,2012,9,Switzerland,CHE
7,2011,8,Argentina,ARG
7,2019,7,China,CHN
7,2018,3,Brazil,BRA
7,2014,5,France,FRA
7,2021,9,Argentina,ARG
7,2011,7,Russia,RUS
7,2015,5,Switzerland,CHE
7,2020,11,China,CHN
7,2013,4,Switzerland,CHE
7,2021,11,China,CHN
7,2017,12,Brazil,BRA
7,2011,2,Russia,RUS
6,2018,11,Brazil,BRA
6,2023,11,Japan,JPN
6,2022,10,China,CHN
6,2013,10,Switzerland,CHE
6,2014,7,Japan,JPN
6,2023,5,Mexico,MEX
6,2014,6,Russia,RUS
6,2011,10,Switzerland,CHE
6,2014,3,Switzerland,CHE
6,2023,1,Brazil,BRA
6,2012,10,Russia,RUS
6,2019,7,Brazil,BRA
6,2018,3,China,CHN
6,2020,7,Mexico,MEX
6,2010,4,Mexico,MEX
6,2012,11,China,CHN
6,2010,10,Mexico,MEX
6,2019,7,France,FRA
6,2009,9,India,IND
6,2013,10,Canada,CAN
6,2013,9,Brazil,BRA
6,2020,4,Argentina,ARG
6,2019,3,Brazil,BRA
6,2019,9,Brazil,BRA
6,2024,7,Japan,JPN
6,2010,11,India,IND
6,2023,9,Mexico,MEX
6,2021,4,Argentina,ARG
6,2015,2,China,CHN
6,2009,11,Brazil,BRA
6,2020,2,Germany,DEU
6,2019,6,Argentina,ARG
6,2012,5,Canada,CAN
6,2018,5,China,CHN
6,2017,6,Japan,JPN
6,2020,9,Argentina,ARG
6,2012,3,Switzerland,CHE
6,2009,7,Japan,JPN
6,2018,6,Argentina,ARG
5,2010,4,China,CHN
5,2013,3,Argentina,ARG
5,2020,11,Argentina,ARG
5,2020,7,China,CHN
5,2014,9,Switzerland,CHE
5,2011,3,Russia,RUS
5,2013,8,Japan,JPN
5,2013,4,Argentina,ARG
5,2014,11,Argentina,ARG
5,2009,8,China,CHN
5,2013,9,France,FRA
5,2012,2,Brazil,BRA
5,2021,5,France,FRA
5,2010,3,China,CHN
5,2017,2,Argentina,ARG
5,2016,7,Switzerland,CHE
5,2019,7,Argentina,ARG
5,2017,8,Brazil,BRA
5,2013,11,France,FRA
5,2020,5,China,CHN
5,2012,1,Russia,RUS
5,2011,4,Mexico,MEX
5,2014,4,Switzerland,CHE
5,2009,1,Japan,JPN
5,2016,4,Mexico,MEX
5,2014,8,Argentina,ARG
5,2010,8,Argentina,ARG
5,2009,9,China,CHN
5,2011,11,Russia,RUS
5,2012,10,Mexico,MEX
5,2016,12,Mexico,MEX
5,2010,7,Mexico,MEX
5,2020,6,China,CHN
5,2010,10,Brazil,BRA
5,2010,11,Argentina,ARG
5,2009,2,Japan,JPN
5,2024,10,Japan,JPN
5,2015,5,China,CHN
5,2020,7,Germany,DEU
5,2014,7,Argentina,ARG
5,2016,12,Brazil,BRA
5,2022,6,Switzerland,CHE
5,2016,8,Switzerland,CHE
5,2018,10,Argentina,ARG
4,2009,10,Brazil,BRA
4,2019,9,Russia,RUS
4,2011,7,Japan,JPN
4,2020,10,Mexico,MEX
4,2011,3,Mexico,MEX
4,2009,8,Mexico,MEX
4,2017,6,Argentina,ARG
4,2012,3,Argentina,ARG
4,2020,7,France,FRA
4,2021,2,China,CHN
4,2015,11,Brazil,BRA
4,2010,7,Japan,JPN
4,2011,12,Argentina,ARG
4,2011,6,Switzerland,CHE
4,2012,2,Switzerland,CHE
4,2008,10,China,CHN
4,2014,4,Mexico,MEX
4,2014,3,Canada,CAN
4,2012,11,Switzerland,CHE
4,2024,8,Mexico,MEX
4,2015,9,China,CHN
4,2015,3,China,CHN
4,2017,5,Argentina,ARG
4,2016,10,Russia,RUS
4,2009,5,Mexico,MEX
4,2009,11,India,IND
4,2019,10,Russia,RUS
4,2021,1,Argentina,ARG
4,2012,5,Russia,RUS
4,2018,2,Argentina,ARG
4,2014,6,Switzerland,CHE
4,2013,3,Brazil,BRA
4,2011,10,Mexico,MEX
4,2014,10,Mexico,MEX
4,2015,6,Switzerland,CHE
4,2013,11,Japan,JPN
4,2024,1,China,CHN
4,2016,11,Switzerland,CHE
4,2024,3,Mexico,MEX
4,2013,8,Mexico,MEX
4,2016,3,Argentina,ARG
4,2014,5,Switzerland,CHE
4,2016,5,China,CHN
4,2015,8,Mexico,MEX
4,2014,11,Switzerland,CHE
4,2013,7,Mexico,MEX
4,2017,8,Mexico,MEX
4,2012,12,Switzerland,CHE
4,2021,3,China,CHN
4,2015,7,Mexico,MEX
4,2009,5,Brazil,BRA
4,2024,11,Canada,CAN
3,2016,3,Switzerland,CHE
3,2017,8,Japan,JPN
3,2013,3,Mexico,MEX
3,2009,4,Brazil,BRA
3,2019,4,France,FRA
3,2023,1,Argentina,ARG
3,2012,2,Japan,JPN
3,2011,1,India,IND
3,2017,7,Japan,JPN
3,2017,5,Brazil,BRA
3,2013,8,Switzerland,CHE
3,2019,9,Argentina,ARG
3,2017,7,Switzerland,CHE
3,2023,10,Brazil,BRA
3,2018,10,Japan,JPN
3,2022,11,Argentina,ARG
3,2015,4,Switzerland,CHE
3,2010,10,India,IND
3,2017,9,Switzerland,CHE
3,2012,11,Mexico,MEX
3,2022,8,Mexico,MEX
3,2022,2,Mexico,MEX
3,2010,12,Japan,JPN
3,2022,8,Japan,JPN
3,2012,7,Switzerland,CHE
3,2009,1,Mexico,MEX
3,2021,7,Japan,JPN
3,2023,6,Mexico,MEX
3,2018,11,Argentina,ARG
3,2016,5,Switzerland,CHE
3,2014,3,Argentina,ARG
3,2020,9,Mexico,MEX
3,2021,1,Switzerland,CHE
3,2010,7,China,CHN
3,2014,4,Argentina,ARG
3,2012,8,China,CHN
3,2018,9,Japan,JPN
3,2015,11,Switzerland,CHE
3,2023,1,Mexico,MEX
3,2012,8,Argentina,ARG
3,2019,10,Argentina,ARG
3,2022,1,Mexico,MEX
3,2025,2,Argentina,ARG
3,2023,2,Brazil,BRA
3,2012,10,Argentina,ARG
3,2024,2,Argentina,ARG
3,2020,9,China,CHN
3,2009,9,Mexico,MEX
3,2016,6,Japan,JPN
3,2012,7,Mexico,MEX
3,2016,8,Mexico,MEX
2,2016,8,Japan,JPN
2,2012,7,Japan,JPN
2,2017,2,Japan,JPN
2,2024,9,Argentina,ARG
2,2020,2,Argentina,ARG
2,2021,7,China,CHN
2,2017,6,Mexico,MEX
2,2021,10,Mexico,MEX
2,2013,2,Japan,JPN
2,2023,8,Argentina,ARG
2,2017,3,Switzerland,CHE
2,2014,2,Japan,JPN
2,2021,2,Argentina,ARG
2,2013,4,Mexico,MEX
2,2017,11,Argentina,ARG
2,2018,5,Japan,JPN
2,2016,9,Switzerland,CHE
2,2013,3,France,FRA
2,2017,7,Brazil,BRA
2,2010,1,Mexico,MEX
2,2020,8,Argentina,ARG
2,2013,5,Switzerland,CHE
2,2024,12,Argentina,ARG
2,2014,6,China,CHN
2,2008,11,Japan,JPN
2,2019,5,Japan,JPN
2,2018,2,Brazil,BRA
2,2013,1,Mexico,MEX
2,2023,2,Argentina,ARG
2,2014,6,Canada,CAN
2,2021,9,Japan,JPN
2,2016,2,Argentina,ARG
2,2012,11,France,FRA
2,2023,11,Argentina,ARG
2,2012,9,Argentina,ARG
2,2013,10,Japan,JPN
2,2022,9,Switzerland,CHE
2,2015,12,Switzerland,CHE
2,2010,6,China,CHN
2,2012,5,Switzerland,CHE
2,2012,2,Canada,CAN
2,2017,2,Switzerland,CHE
2,2013,9,Switzerland,CHE
2,2011,3,Switzerland,CHE
2,2015,8,Switzerland,CHE
2,2009,11,Mexico,MEX
2,2011,11,Japan,JPN
2,2019,10,Mexico,MEX
2,2024,6,Mexico,MEX
2,2024,4,Switzerland,CHE
2,2012,7,Canada,CAN
2,2015,10,Switzerland,CHE
2,2024,8,Argentina,ARG
2,2012,4,Japan,JPN
2,2021,8,Japan,JPN
2,2010,6,Argentina,ARG
2,2010,5,Mexico,MEX
2,2012,12,Canada,CAN
2,2017,9,Argentina,ARG
2,2013,7,Canada,CAN
2,2013,2,Argentina,ARG
2,2019,11,Argentina,ARG
2,2023,10,Switzerland,CHE
2,2016,10,Brazil,BRA
2,2013,12,Switzerland,CHE
2,2013,10,Argentina,ARG
2,2011,9,Switzerland,CHE
2,2016,9,Japan,JPN
2,2016,10,Switzerland,CHE
2,2012,8,Mexico,MEX
2,2017,8,Switzerland,CHE
2,2017,10,Brazil,BRA
2,2019,7,Russia,RUS
2,2017,3,Argentina,ARG
2,2013,8,Argentina,ARG
2,2024,9,Canada,CAN
2,2024,11,Argentina,ARG
2,2022,4,Mexico,MEX
2,2017,12,Argentina,ARG
2,2019,8,Mexico,MEX
2,2016,4,Argentina,ARG
2,2014,5,China,CHN
1,2012,4,Canada,CAN
1,2015,7,Japan,JPN
1,2012,3,Mexico,MEX
1,2016,6,Argentina,ARG
1,2011,6,Mexico,MEX
1,2017,4,Switzerland,CHE
1,2018,6,Mexico,MEX
1,2014,5,Argentina,ARG
1,2014,3,Mexico,MEX
1,2019,4,China,CHN
1,2013,4,Canada,CAN
1,2010,6,Russia,RUS
1,2024,5,Switzerland,CHE
1,2020,5,Mexico,MEX
1,2022,2,China,CHN
1,2011,9,Russia,RUS
1,2009,2,Mexico,MEX
1,2014,6,Mexico,MEX
1,2015,5,Argentina,ARG
1,2012,10,Switzerland,CHE
1,2023,4,Switzerland,CHE
1,2024,5,Mexico,MEX
1,2012,11,Canada,CAN
1,2013,3,Canada,CAN
1,2018,1,Russia,RUS
1,2019,11,Mexico,MEX
1,2017,11,China,CHN
1,2014,12,Switzerland,CHE
1,2014,10,Argentina,ARG
1,2015,4,Mexico,MEX
1,2015,8,Argentina,ARG
1,2009,4,Japan,JPN
1,2013,9,Argentina,ARG
1,2017,4,Mexico,MEX
1,2011,6,China,CHN
1,2020,6,Argentina,ARG
1,2019,6,China,CHN
1,2015,11,Mexico,MEX
1,2019,8,Brazil,BRA
1,2019,3,France,FRA
1,2023,7,Switzerland,CHE
1,2015,5,Japan,JPN
1,2012,6,Canada,CAN
1,2016,10,China,CHN
1,2010,2,China,CHN
1,2009,5,Japan,JPN
1,2012,11,Russia,RUS
1,2012,11,Argentina,ARG
1,2025,1,France,FRA
1,2014,10,Switzerland,CHE
1,2013,8,Canada,CAN
1,2011,2,China,CHN
1,2025,1,Argentina,ARG
1,2014,8,China,CHN
1,2021,6,Mexico,MEX
1,2014,8,Switzerland,CHE
1,2022,5,Switzerland,CHE
1,2019,5,Mexico,MEX
1,2014,12,Canada,CAN
1,2010,12,Mexico,MEX
1,2023,11,Switzerland,CHE
1,2018,12,Mexico,MEX
1,2011,5,Mexico,MEX
1,2013,2,China,CHN
1,2009,4,Mexico,MEX
1,2016,2,Switzerland,CHE
1,2016,7,China,CHN
1,2013,4,Japan,JPN
1,2023,2,Switzerland,CHE
1,2012,11,Japan,JPN
1,2018,5,Argentina,ARG
1,2020,6,Mexico,MEX
1,2018,2,China,CHN
1,2010,7,Russia,RUS
1,2013,5,Canada,CAN
1,2013,2,Russia,RUS
1,2011,10,Brazil,BRA
1,2017,5,China,CHN
1,2023,11,Mexico,MEX
1,2021,4,Mexico,MEX
1,2009,8,Japan,JPN
1,2010,5,China,CHN
1,2011,9,Japan,JPN
1,2013,3,Switzerland,CHE
1,2021,9,China,CHN
1,2010,2,Mexico,MEX
1,2018,2,Mexico,MEX
1,2021,5,Japan,JPN
1,2011,2,Mexico,MEX
1,2021,11,Switzerland,CHE
